{"0": {"attributes": {"cat0100_hat": ["c0120_opt01_06_baseball"], "cat0200_handaccessories": ["c0200_opt17_05_fishingroad"], "cat0300_feet": ["shoes003"], "cat0400_spaceaccessories": ["c0400_opt08_03_daruma"], "cat0500_backaccessories": ["c0500_opt01_03_wings"], "cat0800_belly": ["Belly002"], "cat0900_face": ["Eye002", "Nose001", "Mouth004", "shy"]}, "pose": 0, "face": {"type": true, "texture": "", "position": 2}, "colors": {"Head": [0.9647058823529412, 0.0, 0.0], "Body": [0.3607843137254902, 0.0, 0.0], "Arms": [0, 0, 0]}, "rarity": 0.0012965399999999999, "background": [1.0, 0.8862745098039215, 0.6901960784313725]}, "1": {"attributes": {"cat0100_hat": ["c0120_opt08_08_ginkoleaf"], "cat0200_handaccessories": ["c0200_opt56_05_magicwand"], "cat0300_feet": ["*Silver_shoes"], "cat0400_spaceaccessories": ["c0400_opt03_03_ginkoleaves"], "cat0500_backaccessories": ["c0500_opt01_03_wings"], "cat0800_belly": ["Belly002"], "cat0900_face": ["Eye002", "Nose002", "Mouth003", "shy"]}, "pose": 0, "face": {"type": true, "texture": "", "position": 2}, "colors": {"Head": [1.0, 1.0, 1.0], "Body": [0.0, 0.16470588235294117, 0.6666666666666666], "Arms": "silver"}, "rarity": 5.18616e-05, "background": [0.6235294117647059, 0.9686274509803922, 1.0]}, "2": {"attributes": {"cat0100_hat": ["Hair001"], "cat0200_handaccessories": ["c0200_opt07_07_chopstick"], "cat0300_feet": ["shoes003"], "cat0400_spaceaccessories": ["c0400_opt08_03_daruma"], "cat0500_backaccessories": ["c0500_opt01_03_wings"], "cat0800_belly": ["Belly005"], "cat0900_face": []}, "pose": 0, "face": {"type": false, "texture": "face_001.png", "position": 1}, "colors": {"Head": [0.788235294117647, 0.6705882352941176, 1.0], "Body": [1.0, 0.4745098039215686, 0.14901960784313725], "Arms": [0.788235294117647, 0.6705882352941176, 1.0]}, "rarity": 0.0035093015999999996, "background": [0.6235294117647059, 0.9686274509803922, 1.0]}, "3": {"attributes": {"cat0100_hat": ["Hair006"], "cat0200_handaccessories": ["c0200_opt07_07_chopstick"], "cat0300_feet": ["*Golden shoes005"], "cat0400_spaceaccessories": ["c0400_opt03_03_ginkoleaves"], "cat0500_backaccessories": ["c0500_opt01_03_wings"], "cat0800_belly": ["Belly003"], "cat0900_face": []}, "pose": 0, "face": {"type": false, "texture": "face_002.png", "position": 0}, "colors": {"Head": [0.9921568627450981, 0.39215686274509803, 0.40784313725490196], "Body": [0.3215686274509804, 0.09411764705882353, 0.10196078431372549], "Arms": [0, 0, 0]}, "rarity": 0.0012101040000000003, "background": [0.6078431372549019, 1.0, 0.8352941176470589]}, "4": {"attributes": {"cat0100_hat": ["Hair011"], "cat0200_handaccessories": ["c0200_opt46_07_shroom"], "cat0300_feet": ["shoes004"], "cat0400_spaceaccessories": ["c0400_opt02_03_sakurapetals"], "cat0500_backaccessories": ["c0500_opt02_01_goldenwings"], "cat0800_belly": ["Belly002"], "cat0900_face": ["Eye002", "Nose002", "Mouth002", "tear"]}, "pose": 0, "face": {"type": true, "texture": "", "position": 0}, "colors": {"Head": [1.0, 0.8470588235294118, 0.6549019607843137], "Body": [1.0, 0.8470588235294118, 0.6549019607843137], "Arms": [1.0, 0.8470588235294118, 0.6549019607843137]}, "rarity": 0.0011697672, "background": [0.7647058823529411, 0.807843137254902, 0.6470588235294118]}, "5": {"attributes": {"cat0100_hat": ["c0110_opt21_06_ramen"], "cat0200_handaccessories": ["c0200_opt27_04_katana"], "cat0300_feet": ["shoes002"], "cat0400_spaceaccessories": ["c0400_opt07_02_clouds"], "cat0500_backaccessories": ["c0500_opt01_03_wings"], "cat0800_belly": ["Belly003"], "cat0900_face": ["Eye003", "Nose001", "Mouth004", "shy"]}, "pose": 0, "face": {"type": true, "texture": "", "position": 0}, "colors": {"Head": [0.788235294117647, 0.6705882352941176, 1.0], "Body": [1.0, 0.9490196078431372, 0.5647058823529412], "Arms": [1, 1, 1]}, "rarity": 0.00027659520000000004, "background": [0.7647058823529411, 0.7686274509803922, 1.0]}, "6": {"attributes": {"cat0100_hat": [], "cat0200_handaccessories": ["c0200_opt38_06_insectnet"], "cat0300_feet": ["*Golden shoes005"], "cat0400_spaceaccessories": ["c0400_opt05_04_shroomies"], "cat0500_backaccessories": ["c0500_opt02_01_goldenwings"], "cat0800_belly": ["Belly004"], "cat0900_face": ["Eye002", "Nose002", "Mouth004", "kriling"]}, "pose": 0, "face": {"type": true, "texture": "", "position": 0}, "colors": {"Head": [0.2784313725490196, 1.0, 0.7019607843137254], "Body": [0.8941176470588236, 0.28627450980392155, 1.0], "Arms": [0, 0, 0]}, "rarity": 0.0004609920000000001, "background": [0.9333333333333333, 0.7568627450980392, 1.0]}, "7": {"attributes": {"cat0100_hat": ["Hair010"], "cat0200_handaccessories": ["c0200_opt03_07_baseballbat"], "cat0300_feet": ["*Silver_shoes"], "cat0400_spaceaccessories": ["c0400_opt02_04_flowers"], "cat0500_backaccessories": ["c0500_opt01_03_wings"], "cat0800_belly": ["Belly003"], "cat0900_face": ["Eye003", "Nose002", "Mouth003", "shy"]}, "pose": 0, "face": {"type": true, "texture": "", "position": 0}, "colors": {"Head": [0.4392156862745098, 0.4392156862745098, 0.4392156862745098], "Body": [0.0, 0.16470588235294117, 0.6666666666666666], "Arms": [0.4392156862745098, 0.4392156862745098, 0.4392156862745098]}, "rarity": 0.004679068799999999, "background": [0.7725490196078432, 1.0, 0.6666666666666666]}, "8": {"attributes": {"cat0100_hat": ["c0120_opt08_08_ginkoleaf"], "cat0200_handaccessories": ["c0200_opt44_07_sakurabranch"], "cat0300_feet": ["*Silver_shoes"], "cat0400_spaceaccessories": ["c0400_opt08_03_daruma"], "cat0500_backaccessories": ["c0500_opt02_01_goldenwings"], "cat0800_belly": ["Belly002"], "cat0900_face": []}, "pose": 0, "face": {"type": false, "texture": "face_003.png", "position": 1}, "colors": {"Head": [0.788235294117647, 0.6705882352941176, 1.0], "Body": [0.0, 0.0, 0.0], "Arms": [1, 1, 1]}, "rarity": 0.0003226944, "background": [0.6274509803921569, 0.8196078431372549, 0.9411764705882353]}, "9": {"attributes": {"cat0100_hat": ["c0120_opt08_08_ginkoleaf"], "cat0200_handaccessories": ["c0200_opt55_03_ginko"], "cat0300_feet": ["*Silver_shoes"], "cat0400_spaceaccessories": ["c0400_opt05_04_shroomies"], "cat0500_backaccessories": ["c0500_opt02_01_goldenwings"], "cat0800_belly": ["Belly001"], "cat0900_face": []}, "pose": 0, "face": {"type": false, "texture": "face_002.png", "position": 1}, "colors": {"Head": [0.9647058823529412, 0.0, 0.0], "Body": [1.0, 1.0, 1.0], "Arms": [1, 1, 1]}, "rarity": 0.000460992, "background": [1.0, 0.7215686274509804, 0.7294117647058823]}, "10": {"attributes": {"cat0100_hat": ["Hair010"], "cat0200_handaccessories": ["c0200_opt03_07_baseballbat"], "cat0300_feet": ["*Golden shoes005"], "cat0400_spaceaccessories": ["c0400_opt08_03_daruma"], "cat0500_backaccessories": ["c0500_opt01_03_wings"], "cat0800_belly": ["Belly003"], "cat0900_face": []}, "pose": 0, "face": {"type": false, "texture": "face_002.png", "position": 0}, "colors": {"Head": [0.9607843137254902, 0.9215686274509803, 0.27058823529411763], "Body": [0.0, 0.12941176470588237, 0.396078431372549], "Arms": [0.9607843137254902, 0.9215686274509803, 0.27058823529411763]}, "rarity": 0.0035093015999999996, "background": [1.0, 0.9686274509803922, 0.5843137254901961]}, "11": {"attributes": {"cat0100_hat": ["Hair005"], "cat0200_handaccessories": [], "cat0300_feet": ["shoes002"], "cat0400_spaceaccessories": [], "cat0500_backaccessories": ["c0500_opt01_03_wings"], "cat0800_belly": ["Belly003"], "cat0900_face": []}, "pose": 0, "face": {"type": false, "texture": "face_003.png", "position": 1}, "colors": {"Head": [0.4392156862745098, 0.4392156862745098, 0.4392156862745098], "Body": [1.0, 0.39215686274509803, 0.3607843137254902], "Arms": [0, 0, 0]}, "rarity": 0.005762400000000001, "background": [0.9333333333333333, 0.7568627450980392, 1.0]}, "12": {"attributes": {"cat0100_hat": ["Hair003"], "cat0200_handaccessories": ["c0200_opt03_07_baseballbat"], "cat0300_feet": ["shoes004"], "cat0400_spaceaccessories": [], "cat0500_backaccessories": ["c0500_opt01_03_wings"], "cat0800_belly": ["Belly003"],