{"0": {"attributes": {"cat0100_hat": ["c0120_opt03_07_cherry"], "cat0200_handaccessories": ["c0200_opt03_07_baseballbat"], "cat0300_feet": ["*Silver_shoes"], "cat0400_spaceaccessories": ["c0400_opt05_04_shroomies"], "cat0500_backaccessories": [], "cat0800_belly": ["Belly002"], "cat0900_face": []}, "pose": 0, "face": {"type": 0, "texture": "face_001.png", "position": 1.0}, "colors": {"Head": [0.0, 0.0, 0.0], "Body": [1.0, 1.0, 1.0], "Arms": [0, 0, 0]}, "rarity": 0.010917827199999997, "background": [1.0, 0.9686274509803922, 0.5843137254901961]}, "1": {"attributes": {"cat0100_hat": ["Hair009"], "cat0200_handaccessories": ["c0200_opt17_05_fishingroad"], "cat0300_feet": ["shoes001"], "cat0400_spaceaccessories": ["c0400_opt03_03_ginkoleaves"], "cat0500_backaccessories": ["c0500_opt02_01_goldenwings"], "cat0800_belly": ["Belly004"], "cat0900_face": []}, "pose": 0, "face": {"type": 0, "texture": "face_003.png", "position": 1.0}, "colors": {"Head": [0.9921568627450981, 0.39215686274509803, 0.40784313725490196], "Body": [0.7450980392156863, 0.4235294117647059, 0.027450980392156862], "Arms": [1, 1, 1]}, "rarity": 0.00028812000000000005, "background": [0.6235294117647059, 0.9686274509803922, 1.0]}, "2": {"attributes": {"cat0100_hat": ["c0120_opt02_04_butterfly"], "cat0200_handaccessories": ["c0200_opt27_04_katana"], "cat0300_feet": ["*Golden shoes005"], "cat0400_spaceaccessories": ["c0400_opt02_04_flowers"], "cat0500_backaccessories": ["c0500_opt02_01_goldenwings"], "cat0800_belly": ["Belly002"], "cat0900_face": ["Eye002", "Nose002", "Mouth004", "shy"]}, "pose": 0, "face": {"type": 1, "texture": "", "position": 0.0}, "colors": {"Head": [0.9568627450980393, 0.6705882352941176, 1.0], "Body": [0.03529411764705882, 0.0784313725490196, 0.34509803921568627], "Arms": [0.9568627450980393, 0.6705882352941176, 1.0]}, "rarity": 0.0003565004800000001, "background": [0.9333333333333333, 0.7568627450980392, 1.0]}, "3": {"attributes": {"cat0100_hat": ["Hair003"], "cat0200_handaccessories": ["c0200_opt28_05_knife"], "cat0300_feet": ["*Golden shoes005"], "cat0400_spaceaccessories": ["c0400_opt05_04_shroomies"], "cat0500_backaccessories": ["c0500_opt01_03_wings"], "cat0800_belly": ["Belly003"], "cat0900_face": []}, "pose": 0, "face": {"type": 0, "texture": "face_003.png", "position": 1.0}, "colors": {"Head": [1.0, 0.8470588235294118, 0.6549019607843137], "Body": [0.0, 0.47843137254901963, 1.0], "Arms": [1.0, 0.8470588235294118, 0.6549019607843137]}, "rarity": 0.0033421919999999995, "background": [0.7647058823529411, 0.7686274509803922, 1.0]}, "4": {"attributes": {"cat0100_hat": ["Hair007"], "cat0200_handaccessories": ["c0200_opt29_03_kunai"], "cat0300_feet": ["shoes004"], "cat0400_spaceaccessories": ["c0400_opt03_03_ginkoleaves"], "cat0500_backaccessories": ["c0500_opt01_03_wings"], "cat0800_belly": ["Belly005"], "cat0900_face": ["Eye003", "Nose002", "Mouth004", "shy"]}, "pose": 0, "face": {"type": 1, "texture": "", "position": 1.0}, "colors": {"Head": [0.9921568627450981, 0.39215686274509803, 0.40784313725490196], "Body": [0.9921568627450981, 0.39215686274509803, 0.40784313725490196], "Arms": [0.9921568627450981, 0.39215686274509803, 0.40784313725490196]}, "rarity": 0.0015039863999999998, "background": [0.7725490196078432, 1.0, 0.6666666666666666]}, "5": {"attributes": {"cat0100_hat": ["Hair003"], "cat0200_handaccessories": ["c0200_opt38_06_insectnet"], "cat0300_feet": ["*Silver_shoes"], "cat0400_spaceaccessories": ["c0400_opt02_03_sakurapetals"], "cat0500_backaccessories": ["c0500_opt01_03_wings"], "cat0800_belly": ["Belly001"], "cat0900_face": ["Eye002", "Nose002", "Mouth004", "kriling"]}, "pose": 0, "face": {"type": 1, "texture": "", "position": 0.0}, "colors": {"Head": [0.0, 0.0, 0.0], "Body": [1.0, 0.39215686274509803, 0.3607843137254902], "Arms": [0, 0, 0]}, "rarity": 0.0030079727999999997, "background": [0.6274509803921569, 0.8196078431372549, 0.9411764705882353]}, "6": {"attributes": {"cat0100_hat": ["c0110_opt21_06_ramen"], "cat0200_handaccessories": [], "cat0300_feet": ["shoes001"], "cat0400_spaceaccessories": ["c0400_opt05_04_shroomies"], "cat0500_backaccessories": ["c0500_opt02_01_goldenwings"], "cat0800_belly": ["Belly004"], "cat0900_face": []}, "pose": 0, "face": {"type": 0, "texture": "face_003.png", "position": 0.0}, "colors": {"Head": [1.0, 1.0, 1.0], "Body": [0.0, 0.16470588235294117, 0.6666666666666666], "Arms": [0, 0, 0]}, "rarity": 0.0004609920000000001, "background": [0.9333333333333333, 0.7568627450980392, 1.0]}, "7": {"attributes": {"cat0100_hat": ["c0110_opt15_05_onigiri"], "cat0200_handaccessories": ["c0200_opt56_05_magicwand"], "cat0300_feet": ["shoes003"], "cat0400_spaceaccessories": ["c0400_opt07_02_clouds"], "cat0500_backaccessories": ["c0500_opt01_03_wings"], "cat0800_belly": ["Belly002"], "cat0900_face": ["Eye004", "Nose001", "Mouth002", "kriling"]}, "pose": 0, "face": {"type": 1, "texture": "", "position": 0.0}, "colors": {"Head": [0.9647058823529412, 0.0, 0.0], "Body": [0.9647058823529412, 0.0, 0.0], "Arms": [1, 1, 1]}, "rarity": 0.0007203, "background": [1.0, 0.7215686274509804, 0.7294117647058823]}, "8": {"attributes": {"cat0100_hat": ["c0110_opt21_06_ramen"], "cat0200_handaccessories": ["c0200_opt07_07_chopstick"], "cat0300_feet": ["shoes004"], "cat0400_spaceaccessories": ["c0400_opt02_04_flowers"], "cat0500_backaccessories": ["c0500_opt01_03_wings"], "cat0800_belly": ["Belly002"], "cat0900_face": []}, "pose": 0, "face": {"type": 0, "texture": "face_001.png", "position": 0.0}, "colors": {"Head": [0.2901960784313726, 0.7254901960784313, 1.0], "Body": [0.0, 0.2235294117647059, 0.36470588235294116], "Arms": [0.2901960784313726, 0.7254901960784313, 1.0]}, "rarity": 0.0028074412799999997, "background": [0.7647058823529411, 0.807843137254902, 0.6470588235294118]}, "9": {"attributes": {"cat0100_hat": ["c0120_opt03_07_cherry"], "cat0200_handaccessories": ["c0200_opt46_07_shroom"], "cat0300_feet": ["shoes001"], "cat0400_spaceaccessories": ["c0400_opt02_03_sakurapetals"], "cat0500_backaccessories": [], "cat0800_belly": ["Belly004"], "cat0900_face": ["Eye003", "Nose003", "Mouth003", "shy"]}, "pose": 0, "face": {"type": 1, "texture": "", "position": 1.0}, "colors": {"Head": [0.2901960784313726, 0.7254901960784313, 1.0], "Body": [0.7725490196078432, 0.24313725490196078, 0.9450980392156862], "Arms": [0.2901960784313726, 0.7254901960784313, 1.0]}, "rarity": 0.008188370399999997, "background": [0.7725490196078432, 1.0, 0.6666666666666666]}}