{"0": {"attributes": {"cat0100_hat": ["c0110_opt09_05_gentleman"], "cat0200_handaccessories": ["c0200_opt41_05_squid"], "cat0300_feet": ["*Golden shoes005"], "cat0400_spaceaccessories": ["c0400_opt02_04_flowers"], "cat0500_backaccessories": ["c0500_opt01_03_wings"], "cat0800_belly": ["Belly005"], "cat0900_face": ["Eye003", "Nose002", "Mouth002", "shy"]}, "pose": 0, "face": {"type": 1, "texture": "", "position": 0.0}, "colors": {"Head": [0.9568627450980393, 0.6705882352941176, 1.0], "Body": [0.30196078431372547, 0.011764705882352941, 0.3411764705882353], "Arms": [0.9568627450980393, 0.6705882352941176, 1.0]}, "rarity": 0.0016710959999999997, "background": [0.7725490196078432, 1.0, 0.6666666666666666]}, "1": {"attributes": {"cat0100_hat": ["Hair003"], "cat0200_handaccessories": ["c0200_opt56_05_magicwand"], "cat0300_feet": ["*Silver_shoes"], "cat0400_spaceaccessories": ["c0400_opt02_04_flowers"], "cat0500_backaccessories": ["c0500_opt01_03_wings"], "cat0800_belly": ["Belly004"], "cat0900_face": ["Eye003", "Nose003", "Mouth003", "shy"]}, "pose": 0, "face": {"type": 1, "texture": "", "position": 1.0}, "colors": {"Head": [0.9921568627450981, 0.39215686274509803, 0.40784313725490196], "Body": [0.0, 0.0, 0.0], "Arms": [0.9921568627450981, 0.39215686274509803, 0.40784313725490196]}, "rarity": 0.0033421919999999995, "background": [0.6235294117647059, 0.9686274509803922, 1.0]}, "2": {"attributes": {"cat0100_hat": ["c0110_opt21_06_ramen"], "cat0200_handaccessories": ["c0200_opt29_03_kunai"], "cat0300_feet": ["shoes003"], "cat0400_spaceaccessories": ["c0400_opt08_03_daruma"], "cat0500_backaccessories": ["c0500_opt01_03_wings"], "cat0800_belly": ["Belly003"], "cat0900_face": ["Eye002", "Nose003", "Mouth002", "kriling"]}, "pose": 0, "face": {"type": 1, "texture": "", "position": 0.0}, "colors": {"Head": [0.9647058823529412, 0.0, 0.0], "Body": [0.3607843137254902, 0.0, 0.0], "Arms": [0.9647058823529412, 0.0, 0.0]}, "rarity": 0.0022559795999999993, "background": [1.0, 0.8862745098039215, 0.6901960784313725]}, "3": {"attributes": {"cat0100_hat": ["c0110_opt11_05_Idea"], "cat0200_handaccessories": ["c0200_opt49_05_teapot"], "cat0300_feet": ["shoes001"], "cat0400_spaceaccessories": ["c0400_opt05_04_shroomies"], "cat0500_backaccessories": ["c0500_opt02_01_goldenwings"], "cat0800_belly": ["Belly001"], "cat0900_face": []}, "pose": 0, "face": {"type": 0, "texture": "face_003.png", "position": 1.0}, "colors": {"Head": [0.788235294117647, 0.6705882352941176, 1.0], "Body": [0.5803921568627451, 0.6627450980392157, 0.41568627450980394], "Arms": [1, 1, 1]}, "rarity": 0.00019208000000000007, "background": [0.9333333333333333, 0.7568627450980392, 1.0]}, "4": {"attributes": {"cat0100_hat": [], "cat0200_handaccessories": ["c0200_opt07_07_chopstick"], "cat0300_feet": ["*Golden shoes005"], "cat0400_spaceaccessories": ["c0400_opt03_03_ginkoleaves"], "cat0500_backaccessories": ["c0500_opt02_01_goldenwings"], "cat0800_belly": ["Belly004"], "cat0900_face": []}, "pose": 0, "face": {"type": 0, "texture": "face_003.png", "position": 1.0}, "colors": {"Head": [0.4392156862745098, 0.4392156862745098, 0.4392156862745098], "Body": [1.0, 0.39215686274509803, 0.3607843137254902], "Arms": [0.4392156862745098, 0.4392156862745098, 0.4392156862745098]}, "rarity": 0.0011697672, "background": [0.6274509803921569, 0.8196078431372549, 0.9411764705882353]}, "5": {"attributes": {"cat0100_hat": ["c0110_opt13_03_meduse"], "cat0200_handaccessories": ["c0200_opt27_04_katana"], "cat0300_feet": ["shoes002"], "cat0400_spaceaccessories": ["c0400_opt08_03_daruma"], "cat0500_backaccessories": ["c0500_opt01_03_wings"], "cat0800_belly": ["Belly003"], "cat0900_face": []}, "pose": 0, "face": {"type": 0, "texture": "face_003.png", "position": 1.0}, "colors": {"Head": [1.0, 0.8470588235294118, 0.6549019607843137], "Body": [0.0, 0.47843137254901963, 1.0], "Arms": [1, 1, 1]}, "rarity": 0.00020744640000000002, "background": [0.7725490196078432, 1.0, 0.6666666666666666]}, "6": {"attributes": {"cat0100_hat": ["c0110_opt06_02_daruma"], "cat0200_handaccessories": ["c0200_opt07_07_chopstick"], "cat0300_feet": ["shoes002"], "cat0400_spaceaccessories": ["c0400_opt05_04_shroomies"], "cat0500_backaccessories": ["c0500_opt01_03_wings"], "cat0800_belly": ["Belly001"], "cat0900_face": ["Eye004", "Nose001", "Mouth003", "tear"]}, "pose": 0, "face": {"type": 1, "texture": "", "position": 0.0}, "colors": {"Head": [0.2901960784313726, 0.7254901960784313, 1.0], "Body": [0.4549019607843137, 0.011764705882352941, 0.054901960784313725], "Arms": [0.2901960784313726, 0.7254901960784313, 1.0]}, "rarity": 0.0009358137599999999, "background": [0.7725490196078432, 1.0, 0.6666666666666666]}, "7": {"attributes": {"cat0100_hat": ["Hair004"], "cat0200_handaccessories": [], "cat0300_feet": ["shoes003"], "cat0400_spaceaccessories": ["c0400_opt02_04_flowers"], "cat0500_backaccessories": ["c0500_opt01_03_wings"], "cat0800_belly": ["Belly002"], "cat0900_face": ["Eye004", "Nose003", "Mouth002", "tear"]}, "pose": 0, "face": {"type": 1, "texture": "", "position": 0.0}, "colors": {"Head": [0.6862745098039216, 0.9921568627450981, 1.0], "Body": [0.0, 0.5686274509803921, 1.0], "Arms": [0.6862745098039216, 0.9921568627450981, 1.0]}, "rarity": 0.006684383999999999, "background": [1.0, 0.9686274509803922, 0.5843137254901961]}, "8": {"attributes": {"cat0100_hat": [], "cat0200_handaccessories": ["c0200_opt44_07_sakurabranch"], "cat0300_feet": ["shoes003"], "cat0400_spaceaccessories": ["c0400_opt02_04_flowers"], "cat0500_backaccessories": ["c0500_opt02_01_goldenwings"], "cat0800_belly": ["Belly005"], "cat0900_face": []}, "pose": 0, "face": {"type": 0, "texture": "face_001.png", "position": 1.0}, "colors": {"Head": [0.788235294117647, 0.6705882352941176, 1.0], "Body": [0.0, 0.0, 0.0], "Arms": "silver"}, "rarity": 4.0336799999999996e-05, "background": [0.6274509803921569, 0.8196078431372549, 0.9411764705882353]}, "9": {"attributes": {"cat0100_hat": ["c0120_opt14_04_pain"], "cat0200_handaccessories": [], "cat0300_feet": ["shoes004"], "cat0400_spaceaccessories": ["c0400_opt08_03_daruma"], "cat0500_backaccessories": ["c0500_opt02_01_goldenwings"], "cat0800_belly": ["Belly005"], "cat0900_face": ["Eye002", "Nose002", "Mouth004", "shy"]}, "pose": 0, "face": {"type": 1, "texture": "", "position": 0.0}, "colors": {"Head": [0.788235294117647, 0.6705882352941176, 1.0], "Body": [0.0, 0.0, 0.0], "Arms": [0.788235294117647, 0.6705882352941176, 1.0]}, "rarity": 0.0006684384, "background": [0.9333333333333333, 0.7568627450980392, 1.0]}}