{"0": {"attributes": {"cat0100_hat": ["Hair011"], "cat0200_handaccessories": ["c0200_opt28_05_knife"], "cat0300_feet": ["shoes001"], "cat0400_spaceaccessories": ["c0400_opt02_03_sakurapetals"], "cat0500_backaccessories": ["c0500_opt01_03_wings"], "cat0800_belly": ["Belly004"], "cat0900_face": ["Eye002", "Nose001", "Mouth002", "kriling"]}, "pose": 0, "face": {"type": true, "texture": "", "position": 2}, "colors": {"Head": [1.0, 0.8470588235294118, 0.6549019607843137], "Body": [0.26666666666666666, 0.19607843137254902, 0.3843137254901961], "Arms": [1, 1, 1]}, "rarity": 0.0008643600000000001, "background": [0.9333333333333333, 0.7568627450980392, 1.0]}, "1": {"attributes": {"cat0100_hat": [], "cat0200_handaccessories": ["c0200_opt41_05_squid"], "cat0300_feet": ["shoes002"], "cat0400_spaceaccessories": ["c0400_opt02_04_flowers"], "cat0500_backaccessories": ["c0500_opt01_03_wings"], "cat0800_belly": ["Belly001"], "cat0900_face": ["Eye003", "Nose002", "Mouth004", "kriling"]}, "pose": 0, "face": {"type": true, "texture": "", "position": 2}, "colors": {"Head": [0.9647058823529412, 0.0, 0.0], "Body": [0.0, 0.0, 0.0], "Arms": [0, 0, 0]}, "rarity": 0.0028812, "background": [1.0, 0.7215686274509804, 0.7294117647058823]}, "2": {"attributes": {"cat0100_hat": ["Hair009"], "cat0200_handaccessories": ["c0200_opt07_07_chopstick"], "cat0300_feet": ["shoes001"], "cat0400_spaceaccessories": ["c0400_opt03_03_ginkoleaves"], "cat0500_backaccessories": ["c0500_opt02_01_goldenwings"], "cat0800_belly": ["Belly002"], "cat0900_face": []}, "pose": 0, "face": {"type": false, "texture": "face_001.png", "position": 1}, "colors": {"Head": [0.9921568627450981, 0.39215686274509803, 0.40784313725490196], "Body": [0.0, 0.0, 0.0], "Arms": [0, 0, 0]}, "rarity": 0.0004033680000000001, "background": [0.6235294117647059, 0.9686274509803922, 1.0]}, "3": {"attributes": {"cat0100_hat": [], "cat0200_handaccessories": ["c0200_opt49_05_teapot"], "cat0300_feet": ["shoes001"], "cat0400_spaceaccessories": ["c0400_opt05_04_shroomies"], "cat0500_backaccessories": ["c0500_opt02_01_goldenwings"], "cat0800_belly": ["Belly001"], "cat0900_face": []}, "pose": 0, "face": {"type": false, "texture": "face_001.png", "position": 0}, "colors": {"Head": [0.9607843137254902, 0.9215686274509803, 0.27058823529411763], "Body": [0.47058823529411764, 0.0, 0.0], "Arms": [0.9607843137254902, 0.9215686274509803, 0.27058823529411763]}, "rarity": 0.0011140640000000001, "background": [0.6078431372549019, 1.0, 0.8352941176470589]}, "4": {"attributes": {"cat0100_hat": ["c0120_opt13_04_embarassed"], "cat0200_handaccessories": ["c0200_opt47_05_snake"], "cat0300_feet": ["shoes003"], "cat0400_spaceaccessories": ["c0400_opt02_04_flowers"], "cat0500_backaccessories": ["c0500_opt02_01_goldenwings"], "cat0800_belly": ["Belly001"], "cat0900_face": []}, "pose": 0, "face": {"type": false, "texture": "face_001.png", "position": 0}, "colors": {"Head": [0.4392156862745098, 0.4392156862745098, 0.4392156862745098], "Body": [0.4392156862745098, 0.4392156862745098, 0.4392156862745098], "Arms": [0, 0, 0]}, "rarity": 0.00015366400000000005, "background": [0.9333333333333333, 0.7568627450980392, 1.0]}, "5": {"attributes": {"cat0100_hat": ["c0110_opt07_05_egg"], "cat0200_handaccessories": ["c0200_opt46_07_shroom"], "cat0300_feet": ["shoes004"], "cat0400_spaceaccessories": ["c0400_opt02_03_sakurapetals"], "cat0500_backaccessories": ["c0500_opt01_03_wings"], "cat0800_belly": ["Belly004"], "cat0900_face": ["Eye003", "Nose002", "Mouth002", "shy"]}, "pose": 0, "face": {"type": true, "texture": "", "position": 0}, "colors": {"Head": [0.9607843137254902, 0.9215686274509803, 0.27058823529411763], "Body": [1.0, 1.0, 1.0], "Arms": [0.9607843137254902, 0.9215686274509803, 0.27058823529411763]}, "rarity": 0.0017546507999999998, "background": [0.7725490196078432, 1.0, 0.6666666666666666]}, "6": {"attributes": {"cat0100_hat": ["c0110_opt09_05_gentleman"], "cat0200_handaccessories": ["c0200_opt06_08_candle"], "cat0300_feet": ["shoes001"], "cat0400_spaceaccessories": ["c0400_opt02_04_flowers"], "cat0500_backaccessories": ["c0500_opt02_01_goldenwings"], "cat0800_belly": ["Belly003"], "cat0900_face": []}, "pose": 0, "face": {"type": false, "texture": "face_001.png", "position": 0}, "colors": {"Head": [0.6862745098039216, 0.9921568627450981, 1.0], "Body": [0.0, 0.5686274509803921, 1.0], "Arms": [0.6862745098039216, 0.9921568627450981, 1.0]}, "rarity": 0.0008912512000000001, "background": [0.7647058823529411, 0.7686274509803922, 1.0]}, "7": {"attributes": {"cat0100_hat": ["Hair004"], "cat0200_handaccessories": ["c0200_opt10_07_dango"], "cat0300_feet": ["*Silver_shoes"], "cat0400_spaceaccessories": ["c0400_opt05_04_shroomies"], "cat0500_backaccessories": ["c0500_opt01_03_wings"], "cat0800_belly": ["Belly003"], "cat0900_face": []}, "pose": 0, "face": {"type": false, "texture": "face_001.png", "position": 1}, "colors": {"Head": [0.2784313725490196, 1.0, 0.7019607843137254], "Body": [1.0, 0.0, 0.0], "Arms": [0.2784313725490196, 1.0, 0.7019607843137254]}, "rarity": 0.004679068799999999, "background": [0.9333333333333333, 0.7568627450980392, 1.0]}, "8": {"attributes": {"cat0100_hat": ["c0110_opt07_05_egg"], "cat0200_handaccessories": ["c0200_opt49_05_teapot"], "cat0300_feet": ["*Golden shoes005"], "cat0400_spaceaccessories": ["c0400_opt03_03_ginkoleaves"], "cat0500_backaccessories": ["c0500_opt02_01_goldenwings"], "cat0800_belly": ["Belly004"], "cat0900_face": ["Eye003", "Nose001", "Mouth004", "kriling"]}, "pose": 0, "face": {"type": true, "texture": "", "position": 1}, "colors": {"Head": [0.0, 0.0, 0.0], "Body": [1.0, 0.0, 0.0], "Arms": [0, 0, 0]}, "rarity": 0.00041777399999999993, "background": [0.7647058823529411, 0.7686274509803922, 1.0]}, "9": {"attributes": {"cat0100_hat": [], "cat0200_handaccessories": ["c0200_opt17_05_fishingroad"], "cat0300_feet": ["shoes001"], "cat0400_spaceaccessories": ["c0400_opt08_03_daruma"], "cat0500_backaccessories": ["c0500_opt01_03_wings"], "cat0800_belly": ["Belly004"], "cat0900_face": ["Eye004", "Nose002", "Mouth004", "shy"]}, "pose": 0, "face": {"type": true, "texture": "", "position": 1}, "colors": {"Head": [1.0, 0.8470588235294118, 0.6549019607843137], "Body": [1.0, 0.0, 0.0], "Arms": [0, 0, 0]}, "rarity": 0.0008643600000000001, "background": [0.6235294117647059, 0.9686274509803922, 1.0]}, "10": {"attributes": {"cat0100_hat": ["Hair002"], "cat0200_handaccessories": ["c0200_opt06_08_candle"], "cat0300_feet": ["*Golden shoes005"], "cat0400_spaceaccessories": ["c0400_opt02_04_flowers"], "cat0500_backaccessories": ["c0500_opt01_03_wings"], "cat0800_belly": ["Belly004"], "cat0900_face": ["Eye003", "Nose001", "Mouth003", "shy"]}, "pose": 0, "face": {"type": true, "texture": "", "position": 1}, "colors": {"Head": [0.9647058823529412, 0.0, 0.0], "Body": [1.0, 1.0, 1.0], "Arms": [0, 0, 0]}, "rarity": 0.004609920000000001, "background": [0.7647058823529411, 0.807843137254902, 0.6470588235294118]}, "11": {"attributes": {"cat0100_hat": ["c0110_opt14_02_neko"], "cat0200_handaccessories": ["c0200_opt38_06_insectnet"], "cat0300_feet": ["*Silver_shoes"], "cat0400_spaceaccessories": ["c0400_opt02_04_flowers"], "cat0500_backaccessories": ["c0500_opt01_03_wings"], "cat0800_belly": ["Belly002"], "cat0900_face": ["Eye003", "Nose002", "Mouth003", "kriling"]}, "pose": 0, "face": {"type": true, "texture": "", "position": 1}, "colors": {"Head": [0.2901960784313726, 0.7254901960784313, 1.0], "Body": [1.0, 1.0, 1.0], "Arms": [0, 0, 0]}, "rarity": 0.00027659520000000004, "background": [0.6078431372549019, 1.0, 0.8352941176470589]}, "12": {"attributes": {"cat0100_hat": ["Hair005"], "cat0200_handaccessories": ["c0200_opt03_07_baseballbat"], "cat0300_feet": ["*Silver_shoes"], "cat0400_spaceaccessories": ["c0400_opt02_04_flowers"], "cat0500_backaccessories": ["c0500_opt01_03_wings"], "cat0800_belly": ["Belly005"], "cat0900_face": []}, "pose": 0, "face": {"type": false, "texture": "face_002.png", "position": 0},